{
  "project_info": {
    "project_number": "695818753840",
    "project_id": "eduverse-app-38e9f",
    "storage_bucket": "eduverse-app-38e9f.appspot.com"
  },
  "client": [
    {
      "client_info": {
        "mobilesdk_app_id": "1:695818753840:android:519cc06fad5a6a75509af5",
        "android_client_info": {
          "package_name": "com.example.eduverseapp"
        }
      },
      "oauth_client": [
        {
          "client_id": "695818753840-13q0b1fj9ak57tv42155gqiektpm3234.apps.googleusercontent.com",
          "client_type": 3
        }
      ],
      "api_key": [
        {
          "current_key": "AIzaSyBqHiNN_wIQl3aogF_KXu-ojzbqfRoRSBc"
        }
      ],
      "services": {
        "appinvite_service": {
          "other_platform_oauth_client": [
            {
              "client_id": "695818753840-13q0b1fj9ak57tv42155gqiektpm3234.apps.googleusercontent.com",
              "client_type": 3
            }
          ]
        }
      }
    }
  ],
  "configuration_version": "1"
}