{
  "project_info": {
    "project_number": "253621710336",
    "project_id": "eduverse-ed1b8",
    "storage_bucket": "eduverse-ed1b8.appspot.com"
  },
  "client": [
    {
      "client_info": {
        "mobilesdk_app_id": "1:253621710336:android:e37b2289ba355afc8232e5",
        "android_client_info": {
          "package_name": "com.example.eduverse"
        }
      },
      "oauth_client": [
        {
          "client_id": "253621710336-4fkqckh273rkllo83vfa5tvm2nrcuqmr.apps.googleusercontent.com",
          "client_type": 3
        }
      ],
      "api_key": [
        {
          "current_key": "AIzaSyDP9_ZMDyCRkOrl8Wv6x14oUkwPkVqP9LY"
        }
      ],
      "services": {
        "appinvite_service": {
          "other_platform_oauth_client": [
            {
              "client_id": "253621710336-4fkqckh273rkllo83vfa5tvm2nrcuqmr.apps.googleusercontent.com",
              "client_type": 3
            }
          ]
        }
      }
    }
  ],
  "configuration_version": "1"
}